{
    "id_pdv": {
        "data_type" : "string",
        "business_name" :"Identificador del punto de venta",
        "level" :"PI"
        },
    "nombre": {
        "data_type" : "string",
        "business_name" :"Nombre comercial del punto de venta",
        "level" :"PI"
    },
    "estado": {
        "data_type" : "string",
        "business_name" :"Estado",
        "level" :"SPI"
    },
    "ciudad": {
        "data_type" : "string",
        "business_name" :"Ciudad",
        "level" :"SPI"
    },
    "cp": {
        "data_type" : "int",
        "business_name" :"Código postal",
        "level" :"SPI"
    }
}